"publisher";"count"
"Electronic Arts";"19"
"Blizzard Entertainment";"8"
"Paradox Interactive";"7"
"Activision";"6"
"GT Interactive";"5"
"Capcom";"4"
"Gathering of Developers";"4"
"Microsoft";"4"
"CD Projekt";"3"
"LucasArts";"3"
"THQ";"3"
"Virgin Interactive";"3"
"2K Games & Aspyr";"2"
"Blizzard Entertainment (North America)";"2"
"Bohemia Interactive";"2"
"CDV Software";"2"
"Coffee Stain Publishing";"2"
"Eidos Interactive";"2"
"Encore";"2"
"Interplay Entertainment";"2"
"MicroProse";"2"
"Microsoft Game Studios";"2"
"NCsoft";"2"
"Namco Bandai Games";"2"
"SCS Software";"2"
"Sierra Entertainment";"2"
"Sierra Online";"2"
"Spike Chunsoft";"2"
"Square Enix";"2"
"Sunflowers";"2"
"Take-Two Interactive";"2"
"Take-Two Interactive / Gathering of Developers";"2"
"Ubisoft";"2"
"Valve (digital)";"2"
"2K Games";"1"
"Amanita Design";"1"
"Atari, Inc";"1"
"Atari, Inc. (Windows)";"1"
"Bandai Namco Entertainment";"1"
"Bandai Namco Games";"1"
"Blue Fang Games";"1"
"Broderbund";"1"
"Brøderbund";"1"
"Codemasters";"1"
"ConcernedApe[f]";"1"
"Data East, Ocean Software";"1"
"Daybreak Game Company";"1"
"Devolver Digital";"1"
"Dinamic Multimedia";"1"
"Disney Interactive Studios";"1"
"DreamCatcher Interactive";"1"
"EA Games";"1"
"Electronic Arts (Windows)";"1"
"Electronic Arts (retail)";"1"
"Endnight Games";"1"
"Epyx";"1"
"FX Interactive";"1"
"Facepunch Studios";"1"
"Frontier Developments";"1"
"GT Interactive Software";"1"
"Galactic Cafe";"1"
"Hasbro Interactive";"1"
"Headup Games";"1"
"Impressions Game";"1"
"Infogrames";"1"
"Infogrames / Atari";"1"
"Introversion Software";"1"
"JoWood Productions";"1"
"Keen Software House";"1"
"Konami";"1"
"Krafton";"1"
"Landfall Games";"1"
"Larian Studios";"1"
"MicroProse Software";"1"
"Mojang Studios";"1"
"Re-Logic";"1"
"Rockstar Games";"1"
"Sega";"1"
"Sierra On-Line";"1"
"Sierra Studios";"1"
"Softstar";"1"
"Softstar Entertainment";"1"
"Sony Online Entertainment";"1"
"Spectrum HoloByte";"1"
"Studio Wildcard";"1"
"StudioMDHR";"1"
"Team Cherry";"1"
"Technology and Entertainment Software";"1"
"The Fun Pimps";"1"
"Tripwire Interactive";"1"
"Triternion";"1"
"Valve";"1"
"Warhorse Studios";"1"
"WizardWorks";"1"
"Wube Software";"1"
"id Software";"1"