"developer";"count"
"Blizzard Entertainment";"5.8E7"
"PUBG Studios";"42000000.0"
"Mojang Studios";"33000000.0"
"Maxis";"3.3E7"
"Facepunch Studios";"2.9E7"
"Valve";"2.5E7"
"CD Projekt Red";"2.05E7"
"Re-Logic";"17200000.0"
"Firaxis Games";"1.3E7"
"Frontier Developments";"1.2E7"
"ArenaNet";"1.1E7"
"System 3";"1.1E7"
"Mediatonic";"10000000.0"
"FromSoftware";"9600000.0"
"Bohemia Interactive";"9500000.0"
"Ensemble Studios";"8000000.0"
"SCS Software";"8000000.0"
"Westwood Studios";"8000000.0"
"Impressions Game";"7500000.0"
"Bullfrog Productions";"7000000.0"
"BioWare";"6000000.0"
"Blizzard North";"6000000.0"
"Iron Gate";"6000000.0"
"id Software";"6000000.0"
"Paradox Development Studio";"5500000.0"
"Colossal Order";"5000000.0"
"Crytek";"5000000.0"
"Endnight Games";"5000000.0"
"Capcom";"4800000.0"
"Broderbund";"4000000.0"
"Chris Sawyer";"4000000.0"
"Illusion Softworks";"4000000.0"
"Max Design";"4000000.0"
"Relic Entertainment";"4000000.0"
"Dontnod Entertainment";"3000000.0"
"EA DICE";"3000000.0"
"Firefly Studios";"3000000.0"
"Verant Interactive";"3000000.0"
"Cyan";"2500000.0"
"Wube Software";"2500000.0"
"Square";"2100000.0"
"Arrowhead Game Studios";"2000000.0"
"Ascaron";"2000000.0"
"Edmund McMillen & Florian Himsl";"2000000.0"
"Electronic Arts";"2000000.0"
"Epic Games";"2000000.0"
"GSC Game World";"2000000.0"
"Gas Powered Games";"2000000.0"
"Haemimont Games";"2000000.0"
"Keen Software House";"2000000.0"
"Landfall Games";"2000000.0"
"Lionhead Studios";"2000000.0"
"LucasArts";"2000000.0"
"MicroProse";"2000000.0"
"PopTop Software";"2000000.0"
"Rockstar North";"2000000.0"
"Sierra Online";"2000000.0"
"Spike Chunsoft";"2000000.0"
"The Fun Pimps";"2000000.0"
"Ubisoft";"2000000.0"
"Kojima Productions";"1800000.0"
"Sega";"1500000.0"
"Coffee Stain Studios";"1300000.0"
"PlatinumGames";"1200000.0"
"Namco Bandai Games";"1100000.0"
"Warhorse Studios";"1100000.0"
"3D Realms";"1000000.0"
"Amanita Design";"1000000.0"
"Bohemia Interactive Studio";"1000000.0"
"Cavedog Entertainment";"1000000.0"
"ConcernedApe";"1000000.0"
"Crytek Budapest";"1000000.0"
"Data East";"1000000.0"
"Daybreak Game Company";"1000000.0"
"Double Fine Productions";"1000000.0"
"EA Los Angeles";"1000000.0"
"Enlight Software";"1000000.0"
"Galactic Cafe";"1000000.0"
"Gray Matter Interactive";"1000000.0"
"Heuristic Park";"1000000.0"
"Infocom";"1000000.0"
"Introversion Software";"1000000.0"
"Irrational Games";"1000000.0"
"Jellyvision";"1000000.0"
"KnowWonder";"1000000.0"
"Larian Studios";"1000000.0"
"Microsoft";"1000000.0"
"Microsoft Game Studios";"1000000.0"
"Mythic Entertainment";"1000000.0"
"Origin Systems";"1000000.0"
"Pterodon";"1000000.0"
"Pyro Studios";"1000000.0"
"Péndulo Studios, S.L.";"1000000.0"
"Rogue Entertainment";"1000000.0"
"SCE Cambridge Studio";"1000000.0"
"Softstar";"1000000.0"
"Softstar Entertainment";"1000000.0"
"Sony Online Entertainment";"1000000.0"
"Spectrum HoloByte";"1000000.0"
"Stainless Steel Studios";"1000000.0"
"Studio Wildcard";"1000000.0"
"StudioMDHR";"1000000.0"
"Sunstorm Interactive";"1000000.0"
"Team Cherry";"1000000.0"
"Technology and Entertainment Software";"1000000.0"
"The Creative Assembly";"1000000.0"
"Tripwire Interactive";"1000000.0"
"Triternion";"1000000.0"
"Westwood Pacific";"1000000.0"