"genre";"count"
"Action role-playing";"5.93E7"
"Survival";"5.9E7"
"Real-time strategy";"5.6E7"
"Sandbox";"5.3E7"
"Battle royale";"5.2E7"
"First-person shooter";"4.6E7"
"Action-adventure";"3.75E7"
"Mmorpg";"3.0E7"
"Construction and management simulation";"2.58E7"
"Life simulation";"2.4E7"
"City-building";"1.8E7"
"Turn-based strategy";"1.65E7"
"4x";"1.55E7"
"Role-playing game";"1.21E7"
"God game";"8000000.0"
"Vehicle simulation";"8000000.0"
"Tactical shooter";"7500000.0"
"Adventure";"6500000.0"
"City-building game";"6000000.0"
"Survival horror";"5500000.0"
"Third-person shooter";"5500000.0"
"Graphic adventure";"5000000.0"
"Fighting";"4800000.0"
"Grand strategy";"4500000.0"
"Puzzle";"4500000.0"
"Action";"4000000.0"
"Educational";"4000000.0"
"Business simulation";"3000000.0"
"Simulation";"3000000.0"
"Computer role-playing game";"2000000.0"
"Interactive movie";"2000000.0"
"Racing game";"2000000.0"
"Roguelike";"2000000.0"
"Visual novel";"2000000.0"
"Stealth";"1800000.0"
"Compilation";"1500000.0"
"Rts";"1500000.0"
"Hack and slash";"1200000.0"
"Action role-playing game";"1100000.0"
"Arcade";"1100000.0"
"Maze";"1100000.0"
"Amateur flight simulation";"1000000.0"
"Beat 'em up";"1000000.0"
"Grand strategy wargame";"1000000.0"
"Interactive fiction";"1000000.0"
"Metroidvania";"1000000.0"
"Platform";"1000000.0"
"Platformer";"1000000.0"
"Point-and-click";"1000000.0"
"Rail shooter";"1000000.0"
"Real-time tactics";"1000000.0"
"Run and gun";"1000000.0"
"Run-and-gun";"1000000.0"
"Sim racing";"1000000.0"
"Space combat simulation";"1000000.0"
"Sports";"1000000.0"
"Trivia game";"1000000.0"