"genre";"count"
"Real-time strategy";"25"
"First-person shooter";"19"
"Action role-playing";"13"
"Action-adventure";"10"
"Construction and management simulation";"9"
"Role-playing game";"9"
"Survival";"7"
"City-building";"6"
"Mmorpg";"6"
"4x";"5"
"Adventure";"5"
"Turn-based strategy";"5"
"Action";"4"
"Grand strategy";"4"
"Survival horror";"4"
"Third-person shooter";"4"
"Business simulation";"3"
"City-building game";"3"
"Fighting";"3"
"God game";"3"
"Graphic adventure";"3"
"Life simulation";"3"
"Puzzle";"3"
"Tactical shooter";"3"
"Battle royale";"2"
"Interactive movie";"2"
"Sandbox";"2"
"Simulation";"2"
"Vehicle simulation";"2"
"Visual novel";"2"
"Action role-playing game";"1"
"Amateur flight simulation";"1"
"Arcade";"1"
"Beat 'em up";"1"
"Compilation";"1"
"Computer role-playing game";"1"
"Educational";"1"
"Grand strategy wargame";"1"
"Hack and slash";"1"
"Interactive fiction";"1"
"Maze";"1"
"Metroidvania";"1"
"Platform";"1"
"Platformer";"1"
"Point-and-click";"1"
"Racing game";"1"
"Rail shooter";"1"
"Real-time tactics";"1"
"Roguelike";"1"
"Rts";"1"
"Run and gun";"1"
"Run-and-gun";"1"
"Sim racing";"1"
"Space combat simulation";"1"
"Sports";"1"
"Stealth";"1"
"Trivia game";"1"