"series";"result"
"NaN";"5.619562E9"
"Diablo";"7.8E7"
"StarCraft";"7.6E7"
"Warcraft";"5.7E7"
"Civilization";"5.6E7"
"The Witcher";"4.8E7"
"Command & Conquer";"3.6E7"
"Minecraft";"33000000.0"
"Age of Empires";"3.2E7"
"Dark Souls";"2.88E7"
"The Sims";"2.4E7"
"Half-Life";"2.1E7"
"The Last Ninja";"1.9E7"
"RollerCoaster Tycoon";"1.4E7"
"Guild Wars";"1.1E7"
"Caesar";"1.0E7"
"Warhammer";"1.0E7"
"Baldur's Gate";"8000000.0"
"Counter-Strike";"8000000.0"
"Crysis";"8000000.0"
"Doom";"8000000.0"
"Resident Evil";"7000000.0"
"SimCity";"7000000.0"
"Truck Simulator";"6500000.0"
"Battlefield";"6000000.0"
"Stronghold";"6000000.0"
"ARMA";"5500000.0"
"Carmen Sandiego";"4000000.0"
"Crusader Kings";"4000000.0"
"Danganronpa";"4000000.0"
"Populous";"4000000.0"
"Quake";"4000000.0"
"Star Wars";"4000000.0"
"Total Annihilation";"4000000.0"
"Unreal";"4000000.0"
"EverQuest";"3000000.0"
"Life Is Strange";"3000000.0"
"Theme Park";"3000000.0"
"Lord of the Realm";"2500000.0"
"Myst";"2500000.0"
"Final Fantasy";"2100000.0"
"7 Days";"2000000.0"
"Anno";"2000000.0"
"Black & White";"2000000.0"
"Cossacks";"2000000.0"
"Far Cry";"2000000.0"
"Grand Theft Auto";"2000000.0"
"Mafia";"2000000.0"
"Neverwinter Nights";"2000000.0"
"POD";"2000000.0"
"Spore";"2000000.0"
"Metal Gear Solid";"1800000.0"
"International Karate";"1500000.0"
"Sega Mega Drive and Genesis Classics";"1500000.0"
"Trucks Simulator";"1500000.0"
"Street Fighter";"1300000.0"
"Nier";"1200000.0"
"Pac-Man";"1100000.0"
"Alice";"1000000.0"
"Ark: Survival Evolved";"1000000.0"
"BioShock";"1000000.0"
"Commandos";"1000000.0"
"Deer Hunter";"1000000.0"
"Divinity";"1000000.0"
"Duke Nukem";"1000000.0"
"Dungeon Siege";"1000000.0"
"Empire Earth";"1000000.0"
"Europa Universalis";"1000000.0"
"Frogger";"1000000.0"
"Grand Prix";"1000000.0"
"Harry Potter";"1000000.0"
"Hearts of Iron";"1000000.0"
"Hidden & Dangerous";"1000000.0"
"Hydlide";"1000000.0"
"Microsoft Flight Simulator";"1000000.0"
"Phantasmagoria";"1000000.0"
"Police Quest";"1000000.0"
"Psychonauts";"1000000.0"
"Railroad Tycoon";"1000000.0"
"RoboCop";"1000000.0"
"Runaway";"1000000.0"
"Sacred";"1000000.0"
"Tetris";"1000000.0"
"The Legend of Sword and Fairy";"1000000.0"
"The Patrician";"1000000.0"
"Total War";"1000000.0"
"Tropico";"1000000.0"
"Vietcong";"1000000.0"
"Wing Commander";"1000000.0"
"Wolfenstein";"1000000.0"
"Zoo Tycoon";"1000000.0"
"Zork";"1000000.0"