"publisher";"ratio"
"2K Games & Aspyr";"5500000.0"
"NCsoft";"5500000.0"
"Paradox Interactive";"1785714.2"
"Activision";"2250000.0"
"Atari, Inc. (Windows)";"7000000.0"
"MicroProse Software";"7000000.0"
"CD Projekt";"6166666.5"
"2K Games";"1000000.0"
"Amanita Design";"1000000.0"
"Blue Fang Games";"1000000.0"
"Codemasters";"1000000.0"
"ConcernedApe[f]";"1000000.0"
"Data East, Ocean Software";"1000000.0"
"Daybreak Game Company";"1000000.0"
"Dinamic Multimedia";"1000000.0"
"Disney Interactive Studios";"1000000.0"
"DreamCatcher Interactive";"1000000.0"
"FX Interactive";"1000000.0"
"GT Interactive Software";"1000000.0"
"Galactic Cafe";"1000000.0"
"Hasbro Interactive";"1000000.0"
"Introversion Software";"1000000.0"
"JoWood Productions";"1000000.0"
"Larian Studios";"1000000.0"
"Softstar";"1000000.0"
"Softstar Entertainment";"1000000.0"
"Spectrum HoloByte";"1000000.0"
"Studio Wildcard";"1000000.0"
"StudioMDHR";"1000000.0"
"Take-Two Interactive";"1000000.0"
"Team Cherry";"1000000.0"
"Technology and Entertainment Software";"1000000.0"
"Tripwire Interactive";"1000000.0"
"Triternion";"1000000.0"
"WizardWorks";"1000000.0"
"Devolver Digital";"1.0E7"
"Warhorse Studios";"1100000.0"
"Epyx";"1500000.0"
"Sega";"1500000.0"
"Re-Logic";"1.72E7"
"Konami";"1800000.0"
"Sierra Entertainment";"7333333.5"
"Valve (digital)";"7666666.5"
"Atari, Inc";"2000000.0"
"EA Games";"2000000.0"
"Electronic Arts (retail)";"2000000.0"
"Frontier Developments";"2000000.0"
"Headup Games";"2000000.0"
"Infogrames";"2000000.0"
"Infogrames / Atari";"2000000.0"
"Keen Software House";"2000000.0"
"Landfall Games";"2000000.0"
"Rockstar Games";"2000000.0"
"Sunflowers";"2000000.0"
"The Fun Pimps";"2000000.0"
"id Software";"2000000.0"
"Encore";"1000000.0"
"MicroProse";"1000000.0"
"Microsoft Game Studios";"1000000.0"
"Sierra Online";"1000000.0"
"Spike Chunsoft";"1000000.0"
"Valve";"2.0E7"
"Brøderbund";"2500000.0"
"Impressions Game";"2500000.0"
"Sierra On-Line";"2500000.0"
"Sierra Studios";"2500000.0"
"Wube Software";"2500000.0"
"Bandai Namco Games";"2700000.0"
"Sony Online Entertainment";"3000000.0"
"CDV Software";"1500000.0"
"Take-Two Interactive / Gathering of Developers";"1500000.0"
"LucasArts";"1000000.0"
"Eidos Interactive";"1550000.0"
"Bandai Namco Entertainment";"3300000.0"
"Mojang Studios";"3.3E7"
"Broderbund";"4000000.0"
"Interplay Entertainment";"2000000.0"
"Ubisoft";"2000000.0"
"Square Enix";"2100000.0"
"Krafton";"4.2E7"
"Namco Bandai Games";"2350000.0"
"Capcom";"1200000.0"
"Electronic Arts";"2850000.0"
"Blizzard Entertainment";"7375000.0"
"Endnight Games";"5000000.0"
"Blizzard Entertainment (North America)";"2500000.0"
"Gathering of Developers";"1250000.0"
"THQ";"2000000.0"
"GT Interactive";"1200000.0"
"Electronic Arts (Windows)";"3500000.0"
"Coffee Stain Publishing";"3650000.0"
"SCS Software";"4000000.0"
"Microsoft";"2000000.0"
"Virgin Interactive";"2000000.0"
"Facepunch Studios";"9000000.0"
"Bohemia Interactive";"4750000.0"