"publisher";"genre";"max"
"Blizzard Entertainment";"Real-time strategy";"5"
"Electronic Arts";"First-person shooter";"4"
"GT Interactive";"First-person shooter";"4"
"Paradox Interactive";"Grand strategy";"4"
"Microsoft";"Real-time strategy";"4"
"CD Projekt";"Action role-playing";"3"
"Electronic Arts";"Life simulation";"3"
"Electronic Arts";"Real-time strategy";"3"
"Capcom";"Survival horror";"3"
"Capcom";"Third-person shooter";"3"
"2K Games & Aspyr";"4x";"2"
"Take-Two Interactive";"Action";"2"
"Blizzard Entertainment";"Action role-playing";"2"
"Activision";"Action-adventure";"2"
"Electronic Arts";"Action-adventure";"2"
"Spike Chunsoft";"Adventure";"2"
"Electronic Arts";"City-building";"2"
"Sunflowers";"City-building";"2"
"Gathering of Developers";"Construction and management simulation";"2"
"Activision";"First-person shooter";"2"
"Valve (digital)";"First-person shooter";"2"
"Electronic Arts";"God game";"2"
"Sierra Online";"Interactive movie";"2"
"NCsoft";"Mmorpg";"2"
"THQ";"Real-time strategy";"2"
"Take-Two Interactive / Gathering of Developers";"Real-time strategy";"2"
"Virgin Interactive";"Real-time strategy";"2"
"2K Games & Aspyr";"Turn-based strategy";"2"
"SCS Software";"Vehicle simulation";"2"
"Spike Chunsoft";"Visual novel";"2"
"Infogrames";"4x";"1"
"MicroProse";"4x";"1"
"Paradox Interactive";"4x";"1"
"Hasbro Interactive";"Action";"1"
"Triternion";"Action";"1"
"Atari, Inc";"Action role-playing";"1"
"Bandai Namco Entertainment";"Action role-playing";"1"
"Bandai Namco Games";"Action role-playing";"1"
"Blizzard Entertainment (North America)";"Action role-playing";"1"
"Encore";"Action role-playing";"1"
"Namco Bandai Games";"Action role-playing";"1"
"Square Enix";"Action role-playing";"1"
"Technology and Entertainment Software";"Action role-playing";"1"
"Warhorse Studios";"Action role-playing game";"1"
"Headup Games";"Action-adventure";"1"
"Konami";"Action-adventure";"1"
"Paradox Interactive";"Action-adventure";"1"
"Re-Logic";"Action-adventure";"1"
"Rockstar Games";"Action-adventure";"1"
"Studio Wildcard";"Action-adventure";"1"
"Activision";"Adventure";"1"
"Brøderbund";"Adventure";"1"
"Dinamic Multimedia";"Adventure";"1"
"Microsoft Game Studios";"Amateur flight simulation";"1"
"Namco Bandai Games";"Arcade";"1"
"Devolver Digital";"Battle royale";"1"
"Krafton";"Battle royale";"1"
"Data East, Ocean Software";"Beat 'em up";"1"
"Blue Fang Games";"Business simulation";"1"
"Encore";"Business simulation";"1"
"JoWood Productions";"Business simulation";"1"
"Electronic Arts (Windows)";"City-building";"1"
"Paradox Interactive";"City-building";"1"
"CDV Software";"City-building game";"1"
"Sierra On-Line";"City-building game";"1"
"Sierra Studios";"City-building game";"1"
"Sega";"Compilation";"1"
"Interplay Entertainment";"Computer role-playing game";"1"
"Atari, Inc. (Windows)";"Construction and management simulation";"1"
"Coffee Stain Publishing";"Construction and management simulation";"1"
"Electronic Arts";"Construction and management simulation";"1"
"Frontier Developments";"Construction and management simulation";"1"
"Introversion Software";"Construction and management simulation";"1"
"MicroProse Software";"Construction and management simulation";"1"
"Wube Software";"Construction and management simulation";"1"
"Broderbund";"Educational";"1"
"Capcom";"Fighting";"1"
"Epyx";"Fighting";"1"
"Landfall Games";"Fighting";"1"
"2K Games";"First-person shooter";"1"
"Electronic Arts (retail)";"First-person shooter";"1"
"GT Interactive Software";"First-person shooter";"1"
"Sierra Entertainment";"First-person shooter";"1"
"Tripwire Interactive";"First-person shooter";"1"
"Ubisoft";"First-person shooter";"1"
"id Software";"First-person shooter";"1"
"EA Games";"God game";"1"
"Paradox Interactive";"Grand strategy wargame";"1"
"Amanita Design";"Graphic adventure";"1"
"LucasArts";"Graphic adventure";"1"
"Square Enix";"Graphic adventure";"1"
"Square Enix";"Hack and slash";"1"
"Galactic Cafe";"Interactive fiction";"1"
"Namco Bandai Games";"Maze";"1"
"Team Cherry";"Metroidvania";"1"
"Blizzard Entertainment";"Mmorpg";"1"
"Electronic Arts";"Mmorpg";"1"
"LucasArts";"Mmorpg";"1"
"Sony Online Entertainment";"Mmorpg";"1"
"THQ";"Platform";"1"
"Electronic Arts";"Platformer";"1"
"Virgin Interactive";"Point-and-click";"1"
"Amanita Design";"Puzzle";"1"
"Brøderbund";"Puzzle";"1"
"Spectrum HoloByte";"Puzzle";"1"
"Ubisoft";"Racing game";"1"
"LucasArts";"Rail shooter";"1"
"Activision";"Real-time strategy";"1"
"Blizzard Entertainment (North America)";"Real-time strategy";"1"
"CDV Software";"Real-time strategy";"1"
"FX Interactive";"Real-time strategy";"1"
"GT Interactive";"Real-time strategy";"1"
"Paradox Interactive";"Real-time strategy";"1"
"Sierra Entertainment";"Real-time strategy";"1"
"Eidos Interactive";"Real-time tactics";"1"
"Headup Games";"Roguelike";"1"
"ConcernedApe[f]";"Role-playing game";"1"
"DreamCatcher Interactive";"Role-playing game";"1"
"Eidos Interactive";"Role-playing game";"1"
"Infogrames / Atari";"Role-playing game";"1"
"Interplay Entertainment";"Role-playing game";"1"
"Larian Studios";"Role-playing game";"1"
"Microsoft Game Studios";"Role-playing game";"1"
"Softstar";"Role-playing game";"1"
"Softstar Entertainment";"Role-playing game";"1"
"Paradox Interactive";"Rts";"1"
"StudioMDHR";"Run and gun";"1"
"Data East, Ocean Software";"Run-and-gun";"1"
"Mojang Studios";"Sandbox";"1"
"Valve";"Sandbox";"1"
"MicroProse";"Sim racing";"1"
"ConcernedApe[f]";"Simulation";"1"
"Keen Software House";"Simulation";"1"
"Electronic Arts";"Space combat simulation";"1"
"WizardWorks";"Sports";"1"
"Konami";"Stealth";"1"
"Bohemia Interactive";"Survival";"1"
"Coffee Stain Publishing";"Survival";"1"
"Daybreak Game Company";"Survival";"1"
"Endnight Games";"Survival";"1"
"Facepunch Studios";"Survival";"1"
"Mojang Studios";"Survival";"1"
"Studio Wildcard";"Survival";"1"
"The Fun Pimps";"Survival horror";"1"
"Bohemia Interactive";"Tactical shooter";"1"
"Codemasters";"Tactical shooter";"1"
"Gathering of Developers";"Tactical shooter";"1"
"Gathering of Developers";"Third-person shooter";"1"
"Disney Interactive Studios";"Trivia game";"1"
"Impressions Game";"Turn-based strategy";"1"
"Infogrames";"Turn-based strategy";"1"
"MicroProse";"Turn-based strategy";"1"